識別碼,主檔ID,測量項目,測量位置,尺寸下限,尺寸上限,公差下限,公差上限,標準值,單位,備註
4,1,外徑,,,,-0.0500,0.0500,28.7000,mm,
5,1,內徑,,,,-0.3000,0.1000,19.6000,mm,
6,1,抗拉強度,,38.0000,,,,,ksi,
7,1,降伏強度,,35.0000,,,,,ksi,
8,1,硬度,,56.2000,,,,,HRB,
9,1,伸長率,,8.0000,,,,,%,
16,3,外徑,,,,-0.0500,0.0500,22.5000,mm,
17,3,內徑,,,,-0.0300,0.0300,20.0000,mm,
18,3,抗拉強度,,38.0000,,,,,ksi,
19,3,降伏強度,,35.0000,,,,,ksi,
20,3,硬度,,56.2000,,,,,HRB,
21,3,伸長率,,8.0000,,,,,%,
45,6,外徑,,,,-0.1500,0.1500,35.1000,mm,
46,6,厚度,,,,-0.1500,0.1500,2.2000,mm,
47,6,硬度,,12.0000,14.0000,,,,HW,
51,5,外徑,,,,0.0000,0.1500,28.7000,mm,
52,5,厚度,,,,-0.1000,0.1000,5.1000,mm,
53,5,硬度,,12.0000,14.0000,,,,HW,
54,7,外徑,,,,-0.1500,0.1500,34.0000,mm,
55,7,厚度,,,,-0.1500,0.1500,2.3000,mm,
56,7,硬度,,7.0000,9.0000,,,,HW,
57,8,外徑,,,,-0.1500,0.1500,35.0000,mm,
58,8,厚度,,,,-0.1500,0.1500,2.8000,mm,
59,8,硬度,,7.0000,9.0000,,,,HW,
60,9,外徑,,,,-0.1500,0.1500,36.0000,mm,
61,9,厚度,,,,-0.1500,0.1500,2.8000,mm,
62,9,厚度,,7.0000,9.0000,,,,mm,
63,10,外徑,,,,-0.1500,0.1500,36.0000,mm,
64,10,厚度,,,,-0.1500,0.1500,3.0000,mm,
65,10,硬度,,7.0000,9.0000,,,,HW,
66,11,外徑,,,,-0.1500,0.1500,40.0000,mm,
67,11,厚度,,,,-0.1500,0.1500,3.0000,mm,
68,11,硬度,,7.0000,9.0000,,,,mm,
72,12,外徑,,,,-0.0500,0.0500,22.3000,mm,
73,12,厚度,,,,-0.1500,0.1500,2.8000,mm,
74,12,硬度,,10.0000,12.0000,,,,HW,
84,14,外徑,,,,,0.1500,25.4000,mm,
85,14,厚度,,,,-0.1500,0.1500,2.1000,mm,
86,14,硬度,,10.0000,12.0000,,,,HW,
87,13,外徑,,,,-0.1500,0.1500,23.8000,mm,
88,13,厚度,,,,-0.1500,0.1500,1.5000,mm,
89,13,硬度,,10.0000,12.0000,,,,HW,
96,17,外徑,,,,0.0000,0.1500,31.9000,mm,
97,17,厚度,,,,-0.1500,0.1500,1.9000,mm,
98,17,硬度,,10.0000,12.0000,,,,HW,
99,16,外徑,,,,,0.1500,28.7000,mm,
100,16,厚度,,,,-0.1000,0.1000,5.1000,mm,
101,16,硬度,,10.0000,12.0000,,,,HW,
102,15,外徑,,,,-0.1500,0.1500,28.7000,mm,
103,15,厚度,,,,-0.1500,0.1500,3.2000,mm,
104,15,硬度,,10.0000,12.0000,,,,HW,
105,18,外徑,,,,0.0000,0.1500,31.9000,mm,
106,18,厚度,,,,-0.1500,0.1500,2.0000,mm,
107,18,硬度,,10.0000,12.0000,,,,HW,
114,21,外徑,,,,0.0000,0.1500,35.1000,mm,
115,21,厚度,,,,-0.1500,0.1500,2.2000,mm,
116,21,硬度,,10.0000,12.0000,,,,HW,
117,22,外徑,,,,0.0000,0.1500,35.1000,mm,
118,22,厚度,,,,-0.1500,0.1500,2.4000,mm,
119,22,硬度,,10.0000,12.0000,,,,HW,
123,24,外徑,,,,0.0000,0.1500,35.1000,mm,
124,24,厚度,,,,-0.1500,0.1500,2.6000,mm,
125,24,硬度,,10.0000,12.0000,,,,HW,
129,26,外徑,,,,-0.1500,0.1500,35.0000,mm,
130,26,厚度,,,,-0.1500,0.1500,2.8000,mm,
131,26,硬度,,5.0000,7.0000,,,,HW,
132,25,外徑,,,,-0.1500,0.1500,35.0000,mm,
133,25,厚度,,,,-0.1500,0.1500,2.6000,mm,
134,25,硬度,,10.0000,12.0000,,,,HW,
135,23,外徑,,,,-0.1500,0.1500,35.1000,mm,
136,23,厚度,,,,-0.1500,0.1500,2.4000,mm,
137,23,硬度,,10.0000,12.0000,,,,HW,
138,20,外徑,,,,,0.1500,31.9000,mm,
139,20,厚度,,,,-0.1500,0.1500,2.8000,mm,
140,20,硬度,,10.0000,12.0000,,,,HW,
144,27,外徑,,,,0.0000,0.1500,28.7000,mm,
145,27,厚度,,,,-0.1000,0.1000,4.1000,mm,
146,27,硬度,,8.0000,12.0000,,,,HW,
147,28,外徑,,,,-0.0500,0.0500,22.3000,mm,
148,28,厚度,,,,-0.1000,0.1000,4.2000,mm,
149,28,硬度,,8.0000,12.0000,,,,HW,
150,29,外徑,,,,0.0000,0.1500,28.7000,mm,
151,29,厚度,,,,-0.1000,0.1000,4.1000,mm,
152,29,硬度,,8.0000,12.0000,,,,HW,
153,30,外徑,,,,0.0000,0.1500,28.7000,mm,
154,30,厚度,,,,-0.1000,0.1000,4.3000,mm,
155,30,硬度,,8.0000,12.0000,,,,HW,
156,31,外徑,,,,0.0000,0.1500,31.9000,mm,
157,31,厚度,,,,-0.1500,0.1500,2.2000,mm,
158,31,硬度,,8.0000,12.0000,,,,HW,
159,32,外徑,,,,-0.1000,0.1000,34.0000,mm,
160,32,內徑,,,,-0.0500,0.0500,26.3000,mm,
161,32,厚度,,,,-0.1500,0.1500,3.8500,mm,
162,32,硬度,,8.0000,12.0000,,,,HW,
163,33,外徑,,,,-0.1000,0.1000,36.0000,mm,
164,33,內徑,,,,-0.0500,0.0500,26.3000,mm,
165,33,厚度,,,,-0.1500,0.1500,4.8500,mm,
166,33,硬度,,8.0000,12.0000,,,,HW,
167,34,外徑,,,,0.0000,0.1000,25.4000,mm,
168,34,厚度,,,,-0.1000,0.1000,4.0000,mm,
169,34,硬度,,8.0000,12.0000,,,,HW,
170,35,外徑,,,,-0.1000,0.1000,38.0000,mm,
171,35,內徑,,,,-0.0500,0.0500,29.8000,mm,
172,35,厚度,,,,-0.1500,0.1500,4.1000,mm,
173,35,硬度,,8.0000,12.0000,,,,HW,
174,35,真直度,,,0.1000,,,,mm,
175,36,外徑,,,,-0.1500,0.1500,35.0000,mm,
176,36,厚度,,,,-0.1500,0.1500,2.7000,mm,
177,36,硬度,,8.0000,10.0000,,,,HW,
178,37,外徑,,,,-0.1500,0.1500,36.0000,mm,
179,37,厚度,,,,-0.1500,0.1500,2.9500,mm,
180,37,硬度,,8.0000,10.0000,,,,HW,
181,38,外徑,,,,-0.1500,0.1500,38.0000,mm,
182,38,厚度,,,,-0.1500,0.1500,2.2000,mm,
183,38,硬度,,8.0000,10.0000,,,,HW,
184,39,外徑,,,,-0.1500,0.1500,40.5000,mm,
185,39,厚度,,,,-0.1500,0.1500,2.6000,mm,
186,39,硬度,,8.0000,10.0000,,,,HW,
187,40,外徑,,,,-0.1500,0.1500,40.0000,mm,
188,40,厚度,,,,-0.1500,0.1500,2.4000,mm,
189,40,硬度,,8.0000,10.0000,,,,HW,
190,41,外徑,,,,-0.1500,0.1500,40.0000,mm,
191,41,厚度,,,,-0.1500,0.1500,2.7000,mm,
192,41,硬度,,8.0000,10.0000,,,,HW,
193,42,外徑,,,,-0.1000,0.1000,,mm,
194,42,厚度,,,,-0.1000,0.1000,,mm,
195,42,長度,,,,0.0000,1.0000,,mm,
196,42,硬度,,10.0000,13.0000,,,,HW,
197,43,外徑,,,,0.0000,0.1000,,mm,
198,43,厚度,,,,0.0000,0.1000,,mm,
199,43,長度,,,,0.0000,1.0000,,mm,
200,43,硬度,,7.0000,9.0000,,,,HW,
201,44,外徑,,,,-0.0300,0.0300,,mm,
202,44,厚度,,,,-0.0500,0.0500,,mm,
203,44,長度,,,,0.0000,2.0000,,mm,
204,44,硬度,,75.0000,83.0000,,,,HRB,
205,45,外徑,,,,0.0000,0.1000,,mm,
206,45,厚度,,,,0.0000,0.1000,,mm,
207,45,長度,,,,0.0000,1.0000,,mm,
208,45,硬度,,9.0000,12.0000,,,,HW,
209,46,外徑,,,,0.0000,0.1000,,mm,
210,46,厚度,,,,0.0000,0.1000,,mm,
211,46,長度,,,,0.0000,1.0000,,mm,
212,46,硬度,,7.0000,9.0000,,,,HW,
213,47,外徑,,,,0.0000,0.1000,,mm,
214,47,厚度,,,,-0.1000,0.1000,,mm,
215,47,長度,,,,0.0000,1.0000,,mm,
216,47,硬度,,52.0000,65.0000,,,,HRB,
217,48,外徑,,,,-1.0000,1.0000,,mm,
218,48,厚度,,,,-1.0000,1.0000,,mm,
219,48,長度,,,,0.0000,1.0000,,mm,
220,48,硬度,,52.0000,65.0000,,,,HRB,
221,49,外徑,,,,0.0000,0.1000,,mm,
222,49,厚度,,,,0.0000,0.1000,,mm,
223,49,長度,,,,0.0000,1.0000,,mm,
224,49,硬度,,5.0000,9.0000,,,,HW,
225,50,外徑,,,,0.0000,0.1000,,mm,
226,50,厚度,,,,0.0000,0.1000,,mm,
227,50,長度,,,,0.0000,1.0000,,mm,
228,50,硬度,,70.0000,78.0000,,,,HW,
229,51,外徑,,,,0.0000,0.1000,,mm,
230,51,厚度,,,,0.0000,0.1000,,mm,
231,51,長度,,,,0.0000,1.0000,,mm,
232,51,硬度,,9.0000,12.0000,,,,HW,
233,52,內徑,,,,-0.0300,0.0500,,mm,
234,52,厚度,,,,-0.0500,0.1500,,mm,
235,52,長度,,,,-1.0000,1.0000,,mm,
236,52,硬度,,85.0000,92.0000,,,,HRB,
237,53,外徑,,,,0.0000,0.2000,36.5000,mm,
238,53,內徑,,,,0.0000,0.1000,26.3500,mm,
239,53,長度,,,,0.0000,0.5000,,mm,
240,53,硬度,,70.0000,80.0000,,,,HRB,
241,54,外徑,,,,-0.1500,0.2000,23.0000,mm,
242,54,厚度,,,,-0.1500,0.1500,2.4000,mm,
243,54,長度,,,,-1.0000,1.0000,370.0000,mm,
244,54,同心度,,,0.2500,,,,mm,
245,55,外徑,,,,-0.1500,0.2000,26.0000,mm,
246,55,厚度,,,,-0.1500,0.1500,1.8000,mm,
247,55,長度,,,,-1.0000,1.0000,390.0000,mm,
248,55,同心度,,,0.2500,,,,mm,
249,56,外徑,,,,-0.1500,0.2000,28.0000,mm,
250,56,厚度,,,,-0.1500,0.1500,2.0000,mm,
251,56,長度,,,,-1.0000,1.0000,350.0000,mm,
252,56,同心度,,,0.2500,,,,mm,
253,57,外徑,,,,-0.1000,0.1000,28.2000,mm,
254,57,厚度,,,,-0.1000,0.1000,1.9000,mm,
255,57,長度,,,,-1.0000,1.0000,535.0000,mm,
256,57,同心度,,,0.2500,,,,mm,
257,58,外徑,,,,-0.1000,0.1000,28.6000,mm,
258,58,厚度,,,,-0.1000,0.1000,4.0000,mm,
259,58,長度,,,,-1.0000,1.0000,615.0000,mm,
260,58,同心度,,,0.3500,,,,mm,
261,59,外徑,,,,-0.1000,0.1000,30.0000,mm,
262,59,厚度,,,,-0.1000,0.1000,1.7000,mm,
263,59,長度,,,,-1.0000,1.0000,445.0000,mm,
264,59,同心度,,,0.2500,,,,mm,
265,60,外徑,,,,-0.1500,0.2000,31.0000,mm,
266,60,厚度,,,,-0.1500,0.1500,2.0000,mm,
267,60,長度,,,,-1.0000,1.0000,310.0000,mm,
268,60,同心度,,,0.2500,,,,mm,
269,61,外徑,,,,-0.1000,0.1000,31.8000,mm,
270,61,厚度,,,,-0.0500,1.0000,2.8000,mm,
271,61,長度,,,,-1.0000,1.0000,746.0000,mm,
272,61,同心度,,,0.3500,,,,mm,
273,62,外徑,,,,-0.1500,0.2000,33.0000,mm,
274,62,厚度,,,,-0.1500,0.1500,1.8000,mm,
275,62,長度,,,,-1.0000,1.0000,370.0000,mm,
276,62,同心度,,,0.2500,,,,mm,
277,63,外徑,,,,-0.1500,0.2000,34.0000,mm,
278,63,厚度,,,,-0.1500,0.1500,1.8000,mm,
279,63,長度,,,,-1.0000,1.0000,280.0000,mm,
280,63,同心度,,,0.2500,,,,mm,
281,64,外徑,,,,-0.1500,0.2000,35.0000,mm,
282,64,厚度,,,,-0.1500,0.1500,2.5000,mm,
283,64,長度,,,,-1.0000,1.0000,290.0000,mm,
284,64,同心度,,,0.2500,,,,mm,
285,65,外徑,,,,-0.1000,0.1000,35.0000,mm,
286,65,厚度,,,,-0.1000,0.1000,2.5000,mm,
287,65,長度,,,,-1.0000,1.0000,410.0000,mm,
288,65,同心度,,,0.2500,,,,mm,
289,66,外徑,,,,-0.1500,0.1500,35.0000,mm,
290,66,厚度,,,,-0.1500,0.2500,2.6000,mm,
291,66,長度,,,,-1.0000,1.0000,395.0000,mm,
292,66,同心度,,,0.3500,,,,mm,
293,67,外徑,,,,-0.1500,0.2000,38.0000,mm,
294,67,厚度,,,,-0.1500,0.1500,2.0000,mm,
295,67,長度,,,,-1.0000,1.0000,420.0000,mm,
296,67,同心度,,,0.2500,,,,mm,
297,68,外徑,,,,-0.1500,0.2000,38.0000,mm,
298,68,厚度,,,,-0.1500,0.1500,2.5000,mm,
299,68,長度,,,,-1.0000,1.0000,380.0000,mm,
300,68,同心度,,,0.2500,,,,mm,
301,69,外徑,,,,-0.1500,0.2000,39.0000,mm,
302,69,厚度,,,,-0.1500,0.1500,2.5000,mm,
303,69,長度,,,,-1.0000,1.0000,310.0000,mm,
304,69,同心度,,,0.2500,,,,mm,
1083,148,外徑,,,,-0.1500,0.2000,40.0000,mm,
1084,148,厚度,,,,-0.1500,0.1500,2.4000,mm,
1085,148,長度,,,,-1.0000,1.0000,300.0000,mm,
1086,148,同心度,,,0.2500,,,,mm,
1087,149,外徑,,,,-0.1500,0.2000,40.0000,mm,
1088,149,厚度,,,,-0.1500,0.2500,2.6000,mm,
1089,149,長度,,,,-1.0000,1.0000,605.0000,mm,
1090,149,同心度,,,0.3500,,,,mm,
1797,168,外徑,,,,-0.1500,0.2500,42.0000,mm,
1798,168,厚度,,,,-0.1500,0.1500,2.0000,mm,
1799,168,長度,,,,-1.0000,1.0000,320.0000,mm,
1800,168,同心度,,,0.2500,,,,mm,
1801,169,外徑,,,,-0.1500,0.2500,42.0000,mm,
1802,169,厚度,,,,-0.1500,0.2500,3.5000,mm,
1803,169,長度,,,,-1.0000,1.0000,565.0000,mm,
1804,169,同心度,,,0.3500,,,,mm,
1805,170,外徑,,,,-0.1500,0.2500,43.0000,mm,
1806,170,厚度,,,,-0.1500,0.1500,2.1000,mm,
1807,170,長度,,,,-1.0000,1.0000,300.0000,mm,
1808,170,同心度,,,0.2500,,,,mm,
1809,171,外徑,,,,-0.1500,0.2500,43.0000,mm,
1810,171,厚度,,,,-0.1500,0.1500,2.5000,mm,
1811,171,長度,,,,-1.0000,1.0000,320.0000,mm,
1812,171,同心度,,,0.2500,,,,mm,
1813,172,外徑,,,,-0.1500,0.2500,44.0000,mm,
1814,172,厚度,,,,-0.1500,0.2500,3.6000,mm,
1815,172,長度,,,,-1.0000,1.0000,260.0000,mm,
1816,172,同心度,,,0.3500,,,,mm,
1817,173,外徑,,,,-0.1500,0.1500,44.0000,mm,
1818,173,厚度,,,,-0.1000,0.1000,4.0000,mm,
1819,173,長度,,,,-1.0000,1.0000,200.0000,mm,
1820,173,同心度,,,0.3500,,,,mm,
1821,174,外徑,,,,-0.1500,0.2500,44.0000,mm,
1822,174,厚度,,,,-0.1500,0.2500,4.0000,mm,
1823,174,長度,,,,-1.0000,1.0000,295.0000,mm,
1824,174,同心度,,,0.3500,,,,mm,
1825,175,外徑,,,,-0.1500,0.2500,44.0000,mm,
1826,175,厚度,,,,-0.1500,0.2500,4.0000,mm,
1827,175,長度,,,,-1.0000,1.0000,310.0000,mm,
1828,175,同心度,,,0.3500,,,,mm,
1829,176,外徑,,,,-0.1500,0.2500,45.0000,mm,
1830,176,厚度,,,,-0.1500,0.1500,2.1000,mm,
1831,176,長度,,,,-1.0000,1.0000,550.0000,mm,
1832,176,同心度,,,0.2500,,,,mm,
1833,177,外徑,,,,-0.1500,0.2500,47.0000,mm,
1834,177,厚度,,,,-0.1500,0.1500,2.5000,mm,
1835,177,長度,,,,-1.0000,1.0000,345.0000,mm,
1836,177,同心度,,,0.2500,,,,mm,
1837,178,外徑,,,,-0.1500,0.2500,48.0000,mm,
1838,178,厚度,,,,-0.1500,0.2500,1.8000,mm,
1839,178,長度,,,,-1.0000,1.0000,260.0000,mm,
1840,178,同心度,,,0.2500,,,,mm,
1841,179,外徑,,,,-0.1500,0.2500,49.0000,mm,
1842,179,厚度,,,,-0.1500,0.1500,2.3000,mm,
1843,179,長度,,,,-1.0000,1.0000,495.0000,mm,
1844,179,同心度,,,0.2500,,,,mm,
1845,180,外徑,,,,-0.1500,0.2500,49.0000,mm,
1846,180,厚度,,,,-0.1500,0.1500,2.5000,mm,
1847,180,長度,,,,-1.0000,1.0000,450.0000,mm,
1848,180,同心度,,,0.2500,,,,mm,
1849,181,外徑,,,,-0.1500,0.2500,49.0000,mm,
1850,181,厚度,,,,-0.1500,0.2500,2.7000,mm,
1851,181,長度,,,,-1.0000,1.0000,315.0000,mm,
1852,181,同心度,,,0.3500,,,,mm,
1853,182,外徑,,,,-0.1500,0.2500,51.0000,mm,
1854,182,厚度,,,,-0.1500,0.1500,2.5000,mm,
1855,182,長度,,,,-1.0000,1.0000,490.0000,mm,
1856,182,同心度,,,0.2500,,,,mm,
1857,183,外徑,,,,-0.1500,0.2500,52.0000,mm,
1858,183,厚度,,,,-0.1500,0.2500,3.5000,mm,
1859,183,長度,,,,-1.0000,1.0000,480.0000,mm,
1860,183,同心度,,,0.3500,,,,mm,
1861,184,外徑,,,,-0.1500,0.2000,55.0000,mm,
1862,184,厚度,,,,-0.1500,0.2000,2.2000,mm,
1863,184,長度,,,,-1.0000,1.0000,355.0000,mm,
1864,184,同心度,,,0.2500,,,,mm,
1865,185,外徑,,,,-0.1500,0.2500,56.0000,mm,
1866,185,厚度,,,,-0.1500,0.1500,1.7000,mm,
1867,185,長度,,,,-1.0000,1.0000,390.0000,mm,
1868,185,同心度,,,0.2500,,,,mm,
1869,186,外徑,,,,-0.1500,0.2500,58.0000,mm,
1870,186,厚度,,,,-0.1500,0.2500,4.0000,mm,
1871,186,長度,,,,-1.0000,1.0000,470.0000,mm,
1872,186,同心度,,,0.3500,,,,mm,
1873,187,外徑,,,,-0.1500,0.2500,59.0000,mm,
1874,187,厚度,,,,-0.1500,0.2500,3.0000,mm,
1875,187,長度,,,,-1.0000,1.0000,390.0000,mm,
1876,187,同心度,,,0.3500,,,,mm,
1877,188,外徑,,,,-0.1500,0.2500,59.0000,mm,
1878,188,厚度,,,,-0.1500,0.2500,3.0000,mm,
1879,188,長度,,,,-1.0000,1.0000,550.0000,mm,
1880,188,同心度,,,0.3500,,,,mm,
1881,189,外徑,,,,-0.1500,0.2500,62.0000,mm,
1882,189,厚度,,,,-0.1500,0.2500,2.8000,mm,
1883,189,長度,,,,-1.0000,1.0000,540.0000,mm,
1884,189,同心度,,,0.3500,,,,mm,
1885,190,外徑,,,,-0.1500,0.2500,62.0000,mm,
1886,190,厚度,,,,-0.1500,0.2500,3.0000,mm,
1887,190,長度,,,,-1.0000,1.0000,625.0000,mm,
1888,190,同心度,,,0.3500,,,,mm,
1889,191,外徑,,,,-0.1500,0.2500,62.0000,mm,
1890,191,厚度,,,,-0.1500,0.2500,3.5000,mm,
1891,191,長度,,,,-1.0000,1.0000,390.0000,mm,
1892,191,同心度,,,0.3500,,,,mm,
1893,192,外徑,,,,-0.1500,0.2500,63.0000,mm,
1894,192,厚度,,,,-0.1500,0.1500,2.0000,mm,
1895,192,長度,,,,-1.0000,1.0000,460.0000,mm,
1896,192,同心度,,,0.2500,,,,mm,
1897,193,外徑,,,,-0.1500,0.2500,63.0000,mm,
1898,193,厚度,,,,-0.1500,0.1500,2.1000,mm,
1899,193,長度,,,,-1.0000,1.0000,490.0000,mm,
1900,193,同心度,,,0.2500,,,,mm,
1901,194,外徑,,,,-0.1500,0.2500,63.0000,mm,
1902,194,厚度,,,,-0.1500,0.1500,2.2000,mm,
1903,194,長度,,,,-2.0000,2.0000,470.0000,mm,
1904,194,同心度,,,0.2500,,,,mm,
1905,195,外徑,,,,-0.1500,0.2500,64.0000,mm,
1906,195,厚度,,,,-0.1500,0.2000,4.0000,mm,
1907,195,長度,,,,-1.0000,1.0000,480.0000,mm,
1908,195,同心度,,,0.3500,,,,mm,
1909,196,外徑,,,,-0.1000,0.1000,64.5000,mm,
1910,196,厚度,,,,-0.1000,0.1000,2.0000,mm,
1911,196,長度,,,,-1.0000,1.0000,540.0000,mm,
1912,196,同心度,,,0.2500,,,,mm,
1913,197,外徑,,,,-0.1500,0.2500,64.5000,mm,
1914,197,厚度,,,,-0.1500,0.1500,2.0000,mm,
1915,197,長度,,,,-1.0000,1.0000,600.0000,mm,
1916,197,同心度,,,0.2500,,,,mm,
1917,198,外徑,,,,-0.1500,0.1500,64.5000,mm,
1918,198,厚度,,,,-0.1500,0.1500,2.3000,mm,
1919,198,長度,,,,-1.0000,1.0000,380.0000,mm,
1920,198,同心度,,,0.2500,,,,mm,
1921,199,外徑,,,,-0.1500,0.2000,65.0000,mm,
1922,199,厚度,,,,-0.1500,0.2000,2.5000,mm,
1923,199,長度,,,,-1.0000,1.0000,375.0000,mm,
1924,199,同心度,,,0.2500,,,,mm,
1925,200,外徑,,,,-0.1500,0.2500,67.0000,mm,
1926,200,厚度,,,,-0.1500,0.1500,2.2000,mm,
1927,200,長度,,,,-1.0000,1.0000,590.0000,mm,
1928,200,同心度,,,0.2500,,,,mm,
1929,201,外徑,,,,-0.1500,0.2000,67.0000,mm,
1930,201,厚度,,,,-0.1500,0.2000,4.5000,mm,
1931,201,長度,,,,-1.0000,1.0000,440.0000,mm,
1932,201,同心度,,,0.4500,,,,mm,
1933,202,外徑,,,,-0.1500,0.1500,68.0000,mm,
1934,202,厚度,,,,-0.1500,0.1500,2.2000,mm,
1935,202,長度,,,,-1.0000,1.0000,395.0000,mm,
1936,202,同心度,,,0.2500,,,,mm,
1937,203,外徑,,,,-0.1500,0.2500,68.0000,mm,
1938,203,厚度,,,,-0.1500,0.1500,2.5000,mm,
1939,203,長度,,,,-1.0000,1.0000,700.0000,mm,
1940,203,同心度,,,0.2500,,,,mm,
1941,204,外徑,,,,-0.1500,0.2500,68.0000,mm,
1942,204,厚度,,,,-0.1500,0.1500,2.5000,mm,
1943,204,長度,,,,-1.0000,1.0000,720.0000,mm,
1944,204,同心度,,,0.2500,,,,mm,
1945,205,外徑,,,,-0.1500,0.2500,68.0000,mm,
1946,205,厚度,,,,-0.1500,0.2500,2.7000,mm,
1947,205,長度,,,,-1.0000,1.0000,390.0000,mm,
1948,205,同心度,,,0.3500,,,,mm,
1949,206,外徑,,,,-0.1500,0.2500,68.0000,mm,
1950,206,厚度,,,,-0.1500,0.2500,2.7000,mm,
1951,206,長度,,,,-1.0000,1.0000,595.0000,mm,
1952,206,同心度,,,0.3500,,,,mm,
1953,207,外徑,,,,-0.1500,0.2500,71.0000,mm,
1954,207,厚度,,,,-0.1500,0.2500,3.0000,mm,
1955,207,長度,,,,-1.0000,1.0000,450.0000,mm,
1956,207,同心度,,,0.3500,,,,mm,
1957,208,外徑,,,,-0.2500,0.2500,73.0000,mm,
1958,208,厚度,,,,-0.2500,0.2500,6.0000,mm,
1959,208,長度,,,,-1.0000,1.0000,680.0000,mm,
1960,209,外徑,,,,-0.1500,0.2500,74.0000,mm,
1961,209,厚度,,,,-0.1500,0.1500,2.5000,mm,
1962,209,長度,,,,-1.0000,1.0000,440.0000,mm,
1963,209,同心度,,,0.2500,,,,mm,
1964,210,外徑,,,,-0.1500,0.2500,75.0000,mm,
1965,210,厚度,,,,-0.1500,0.1500,2.0000,mm,
1966,210,長度,,,,-1.0000,1.0000,585.0000,mm,
1967,210,同心度,,,0.2500,,,,mm,
1968,211,外徑,,,,-0.1500,0.2500,75.0000,mm,
1969,211,厚度,,,,-0.1500,0.2500,4.0000,mm,
1970,211,長度,,,,-1.0000,1.0000,315.0000,mm,
1971,211,同心度,,,0.3500,,,,mm,
1972,212,外徑,,,,-0.1000,0.2500,90.0000,mm,
1973,212,厚度,,,,-0.1000,0.2500,3.5000,mm,
1974,212,長度,,,,-1.0000,1.0000,500.0000,mm,
1975,212,同心度,,,0.3500,,,,mm,
1976,213,外徑,,,,-0.5000,0.5000,98.0000,mm,
1977,213,厚度,,,,-0.1000,0.2500,4.0000,mm,
1978,213,長度,,,,-1.0000,1.0000,680.0000,mm,
1979,213,同心度,,,0.3500,,,,mm,
1980,214,外徑,,,,-0.3000,0.3000,98.0000,mm,
1981,214,厚度,,,,-0.1500,0.2000,4.2000,mm,
1982,214,長度,,,,-1.0000,1.0000,535.0000,mm,
1983,214,同心度,,,0.4500,,,,mm,
1984,215,外徑,,,,-0.5000,0.5000,115.0000,mm,
1985,215,厚度,,,,-0.1500,0.3000,4.0000,mm,
1986,215,長度,,,,-1.0000,1.0000,360.0000,mm,
1987,215,同心度,,,0.3500,,,,mm,
1988,216,外徑,,,,-0.5000,0.5000,115.0000,mm,
1989,216,厚度,,,,-0.1500,0.3000,4.0000,mm,
1990,216,長度,,,,-1.0000,1.0000,540.0000,mm,
1991,216,同心度,,,0.3500,,,,mm,
1992,217,外徑,,,,-0.1500,0.2000,29.0000,mm,
1993,217,厚度,,,,-0.1500,0.1500,2.0000,mm,
1994,217,長度,,,,-1.0000,1.0000,485.0000,mm,
1995,217,同心度,,,0.2500,,,,mm,
1996,218,外徑,,,,-0.1500,0.2000,29.0000,mm,
1997,218,厚度,,,,-0.1500,0.1500,2.5000,mm,
1998,218,長度,,,,-1.0000,1.0000,460.0000,mm,
1999,218,同心度,,,0.2500,,,,mm,
2000,219,外徑,,,,-0.1500,0.2000,31.0000,mm,
2001,219,厚度,,,,-0.1500,0.2500,2.7000,mm,
2002,219,長度,,,,-1.0000,1.0000,310.0000,mm,
2003,219,同心度,,,0.3500,,,,mm,
2004,220,外徑,,,,-0.1500,0.2000,31.5000,mm,
2005,220,厚度,,,,-0.1500,0.1500,2.3000,mm,
2006,220,長度,,,,-1.0000,1.0000,360.0000,mm,
2007,220,同心度,,,0.2500,,,,mm,
2008,221,外徑,,,,-0.1500,0.2000,31.5000,mm,
2009,221,厚度,,,,-0.1500,0.1500,2.3000,mm,
2010,221,長度,,,,-1.0000,1.0000,380.0000,mm,
2011,221,同心度,,,0.2500,,,,mm,
2012,222,外徑,,,,-0.1500,0.2000,32.0000,mm,
2013,222,厚度,,,,-0.1500,0.1500,2.5000,mm,
2014,222,長度,,,,-1.0000,1.0000,315.0000,mm,
2015,222,同心度,,,0.2500,,,,mm,
2016,223,外徑,,,,-0.1500,0.2500,35.0000,mm,
2017,223,厚度,,,,-0.1500,0.1500,2.5000,mm,
2018,223,長度,,,,-1.0000,1.0000,325.0000,mm,
2019,223,同心度,,,0.2500,,,,mm,
2020,224,外徑,,,,-0.1000,0.1000,39.0000,mm,
2021,224,厚度,,,,-0.1000,0.1000,2.1000,mm,
2022,224,長度,,,,-1.0000,1.0000,500.0000,mm,
2023,224,同心度,,,0.2500,,,,mm,
2024,224,內徑,,,,,,34.8000,mm,
2025,225,外徑,,,,-0.1500,0.2500,43.0000,mm,
2026,225,厚度,,,,-0.1500,0.2500,3.0000,mm,
2027,225,長度,,,,-1.0000,1.0000,330.0000,mm,
2028,225,同心度,,,0.3500,,,,mm,
2029,226,外徑,,,,-0.1000,0.2500,48.0000,mm,
2030,226,厚度,,,,-0.1000,0.1500,2.0000,mm,
2031,226,長度,,,,-1.0000,1.0000,520.0000,mm,
2032,226,同心度,,,0.2500,,,,mm,
2033,227,外徑,,,,-0.1500,0.2500,49.0000,mm,
2034,227,厚度,,,,-0.1500,0.1500,2.3000,mm,
2035,227,長度,,,,-1.0000,1.0000,510.0000,mm,
2036,227,同心度,,,0.2500,,,,mm,
2037,228,外徑,,,,-0.1500,0.2500,52.0000,mm,
2038,228,厚度,,,,-0.1500,0.2500,2.3000,mm,
2039,228,長度,,,,0.0000,0.0000,520.0000,mm,
2040,228,同心度,,,0.2500,,,,mm,
2041,229,外徑,,,,-0.1500,0.2500,59.0000,mm,
2042,229,厚度,,,,-0.1500,0.2500,3.0000,mm,
2043,229,長度,,,,-1.0000,1.0000,520.0000,mm,
2044,229,同心度,,,0.3500,,,,mm,
2045,230,外徑,,,,-0.1500,0.2500,61.0000,mm,
2046,230,厚度,,,,-0.1500,0.2500,3.0000,mm,
2047,230,長度,,,,-1.0000,1.0000,530.0000,mm,
2048,230,同心度,,,0.3500,,,,mm,
2049,231,外徑,,,,-0.1500,0.2000,63.0000,mm,
2050,231,厚度,,,,-0.1500,0.1500,2.5000,mm,
2051,231,長度,,,,-1.0000,1.0000,700.0000,mm,
2052,231,同心度,,,0.2500,,,,mm,
2053,232,外徑,,,,-0.1500,0.2500,64.5000,mm,
2054,232,厚度,,,,-0.1500,0.2500,2.3000,mm,
2055,232,長度,,,,-1.0000,1.0000,340.0000,mm,
2056,232,同心度,,,0.2500,,,,mm,
2057,233,外徑,,,,-0.1500,0.2500,64.5000,mm,
2058,233,厚度,,,,-0.1500,0.1500,2.3000,mm,
2059,233,長度,,,,-1.0000,1.0000,380.0000,mm,
2060,233,同心度,,,0.2500,,,,mm,
2061,234,外徑,,,,-0.1500,0.1500,65.0000,mm,
2062,234,厚度,,,,-0.1500,0.1500,2.2000,mm,
2063,234,長度,,,,-1.0000,1.0000,340.0000,mm,
2064,234,同心度,,,0.2500,,,,mm,
2065,235,外徑,,,,-0.1500,0.2500,72.0000,mm,
2066,235,厚度,,,,-0.1500,0.2500,3.3000,mm,
2067,235,長度,,,,-1.0000,1.0000,315.0000,mm,
2068,235,同心度,,,0.3500,,,,mm,
2069,236,外徑,,,,-0.1500,0.2500,76.0000,mm,
2070,236,厚度,,,,-0.1500,0.2500,3.0000,mm,
2071,236,長度,,,,-1.0000,1.0000,610.0000,mm,
2072,236,同心度,,,0.3500,,,,mm,
2073,237,外徑,,,,-0.1500,0.2500,77.0000,mm,
2074,237,厚度,,,,-0.1500,0.2500,3.0000,mm,
2075,237,長度,,,,-1.0000,1.0000,600.0000,mm,
2076,237,同心度,,,0.3500,,,,mm,
2077,238,外徑,,,,-0.5000,0.5000,90.0000,mm,
2078,238,厚度,,,,-0.2000,0.3000,2.5000,mm,
2079,238,長度,,,,-1.0000,1.0000,645.0000,mm,
2080,238,同心度,,,0.2500,,,,mm,
2081,239,外徑,,,,-0.1500,0.2000,28.0000,mm,
2082,239,厚度,,,,-0.1000,0.1500,2.5000,mm,
2083,239,長度,,,,-1.0000,1.0000,415.0000,mm,
2084,239,同心度,,,0.2500,,,,mm,
2085,240,外徑,,,,-0.1500,0.2000,38.0000,mm,
2086,240,厚度,,,,-0.1500,0.2500,4.6000,mm,
2087,240,長度,,,,-1.0000,1.0000,460.0000,mm,
2088,240,同心度,,,0.4500,,,,mm,
2089,241,外徑,,,,-0.0500,0.0500,33.0000,mm,
2090,241,內徑,,,,-0.0500,0.0500,28.2000,mm,
2091,241,長度,,,,0.0000,2.0000,323.0000,mm,
2092,241,同心度,,,0.1000,,,,mm,
2093,241,真圓度,,,0.0500,,,,mm,
2094,241,真直度,,,0.1500,,,,mm,
2095,242,外徑,,,,-0.0500,0.0500,35.0000,mm,
2096,242,內徑,,,,-0.0500,0.0500,28.9500,mm,
2097,242,長度,,,,0.0000,2.0000,347.0000,mm,
2098,242,同心度,,,0.1000,,,,mm,
2099,242,真圓度,,,0.0500,,,,mm,
2100,242,真直度,,,0.1500,,,,mm,
2101,243,外徑,,,,-0.0500,0.0500,35.0000,mm,
2102,243,內徑,,,,-0.0500,0.0500,29.0400,mm,
2103,243,長度,,,,0.0000,2.0000,347.0000,mm,
2104,243,同心度,,,0.1000,,,,mm,
2105,243,真圓度,,,0.0500,,,,mm,
2106,243,真直度,,,0.1500,,,,mm,
2107,244,外徑,,,,-0.0500,0.0500,33.0000,mm,
2108,244,內徑,,,,-0.0500,0.0500,28.2000,mm,
2109,244,長度,,,,0.0000,2.0000,343.0000,mm,
2110,244,同心度,,,0.1500,,,,mm,
2111,244,真圓度,,,0.0500,,,,mm,
2112,244,真直度,,,0.3000,,,,mm,
2113,245,外徑,,,,-0.0500,0.1000,53.0000,mm,
2114,245,內徑,,,,-0.0500,0.0500,33.8000,mm,
2115,245,長度,,,,0.0000,2.0000,235.0000,mm,
2116,245,同心度,,,0.1500,,,,mm,
2117,245,真圓度,,,0.0500,,,,mm,
2118,245,真直度,,,0.3000,,,,mm,
2119,246,外徑,,,,-0.1000,0.1000,35.0000,mm,
2120,246,內徑,,,,-0.1000,0.1000,30.8000,mm,
2121,246,長度,,,,0.0000,2.0000,650.0000,mm,
2122,246,真直度,,,0.1500,,,,mm,
2123,247,外徑,,,,-0.0500,0.0500,,mm,
2124,247,厚度,,,,-0.0500,-0.1000,,mm,
2125,247,長度,,,,0.0000,2.0000,,mm,
2126,247,真直度,,,1.0000,,,,mm,
2127,247,硬度,,9.0000,12.0000,,,,HRB,
2128,248,外徑,,,,-0.1500,0.1500,43.5000,mm,
2129,248,內徑,,,,-0.2000,0.2000,34.3000,mm,
2130,248,長度,,,,-2.0000,2.0000,2600.0000,mm,
2131,248,同心度,,,0.3000,,,,mm,
2132,249,外徑,,,,-0.0500,0.0500,29.0000,mm,
2133,249,內徑,,,,-0.3000,0.2000,14.5000,mm,
2134,249,長度,,,,,,3000.0000,mm,
2135,249,硬度,,56.2000,,,,,HRB,
2136,249,抗拉強度,,38.0000,,,,,ksi,
2137,249,降伏強度,,35.0000,,,,,ksi,
2138,249,伸長率,,8.0000,,,,,%,
2139,250,外徑,,,,-0.1000,0.1000,38.0000,mm,
2140,250,長度,,,,,,3000.0000,mm,
2141,250,硬度,,73.0000,78.0000,,,,HRB,
2142,251,外徑,,,,,,69.6000,mm,
2143,251,內徑,,,,-0.1000,0.2000,67.2000,mm,
2144,251,長度,,,,-0.1500,0.3000,143.0000,mm,
2145,251,硬度,,3.0000,5.0000,,,,HW,
2146,252,外徑,,,,,,84.5000,mm,
2147,252,內徑,,,,-0.1000,0.2000,82.0000,mm,
2148,252,長度,,,,-0.1500,0.3000,164.5000,mm,
2149,252,硬度,,3.0000,5.0000,,,,HW,
2150,253,外徑,,,,-0.1500,0.2500,51.0000,mm,
2151,253,厚度,,,,-0.1500,0.1500,2.3000,mm,
2152,253,長度,,,,-1.0000,1.0000,585.0000,mm,
2153,253,同心度,,,0.2500,,,,mm,
2154,254,外徑,,,,-0.1000,0.1000,36.0000,mm,
2155,254,內徑,,,,-0.0500,0.0500,30.4000,mm,
2156,254,長度,,,,-1.0000,1.0000,195.0000,mm,
2157,255,外徑,,,,-0.1500,0.2000,38.0000,mm,
2158,255,厚度,,,,-0.1500,0.2000,2.7500,mm,
2159,255,長度,,,,-1.0000,1.0000,295.0000,mm,
2160,255,同心度,,,0.3500,,,,mm,
2161,256,外徑,,,,-0.1500,0.2000,34.0000,mm,
2162,256,厚度,,,,-0.1500,0.1500,2.5000,mm,
2163,256,長度,,,,-1.0000,1.0000,400.0000,mm,
2164,256,同心度,,,0.2500,,,,mm,
2165,257,外徑,,,,-0.1500,0.2500,68.0000,mm,
2166,257,厚度,,,,-0.1500,0.2500,2.7000,mm,
2167,257,長度,,,,-1.0000,1.0000,465.0000,mm,
2168,257,同心度,,,0.3500,,,,mm,
2169,258,外徑,,,,-0.1000,0.1000,36.0000,mm,
2170,258,內徑,,,,-0.0500,0.0500,30.4000,mm,
2171,258,長度,,,,-1.0000,1.0000,200.0000,mm,
2622,328,外徑,,,,-0.0500,0.0500,35.0000,mm,
2623,328,內徑,,,,-0.0500,0.0500,29.0000,mm,
2624,328,真圓度,,,0.1000,,,,mm,
2625,328,同心度,,,0.2000,,,,mm,
2626,328,真直度,,,0.0700,,,,mm,
2627,328,硬度,,56.0000,64.0000,,,,HRB,
2628,328,抗拉強度,,350.0000,,,,,Mpa,
2629,328,降伏強度,,310.0000,,,,,Mpa,
2630,328,伸長率,,11.0000,,,,,%,
2631,329,外徑,,,,0.0000,0.2000,35.5000,mm,
2632,329,內徑,,,,-0.1500,0.1500,28.0000,mm,
2633,329,真圓度,,,0.1000,,,,mm,
2634,329,同心度,,,0.2000,,,,mm,
2635,329,硬度,,58.0000,,,,,HRB,
2636,329,抗拉強度,,350.0000,,,,,Mpa,
2637,329,降伏強度,,310.0000,,,,,Mpa,
2638,329,伸長率,,11.0000,,,,,%,
2639,330,外徑,,,,0.0000,0.2000,36.0000,mm,
2640,330,內徑,,,,-0.1000,0.1000,25.2000,mm,
2641,330,真圓度,,,0.1000,,,,mm,
2642,330,同心度,,,0.2000,,,,mm,
2643,330,真直度,,,0.0700,,,,mm,
2644,330,硬度,,58.0000,,,,,HRB,
2645,330,抗拉強度,,350.0000,,,,,Mpa,
2646,330,降伏強度,,310.0000,,,,,Mpa,
2647,330,伸長率,,11.0000,,,,,%,
2648,331,外徑,,,,-0.1000,0.1000,41.0000,mm,
2649,331,內徑,,,,-0.1000,0.1500,35.7000,mm,
2650,331,真圓度,,,0.1000,,,,mm,
2651,331,同心度,,,0.2000,,,,mm,
2652,331,硬度,,58.0000,65.0000,,,,HRB,
2653,331,抗拉強度,,350.0000,,,,,Mpa,
2654,331,降伏強度,,310.0000,,,,,Mpa,
2655,331,伸長率,,11.0000,,,,,%,
2658,333,外徑,,,,-0.1000,0.1000,42.5000,mm,
2659,333,內徑,,,,-0.1000,0.1500,35.7000,mm,
2660,333,真圓度,,,0.1000,,,,mm,
2661,333,同心度,,,0.2000,,,,mm,
2662,333,硬度,,58.0000,65.0000,,,,HRB,
2663,333,抗拉強度,,350.0000,,,,,Mpa,
2664,333,降伏強度,,310.0000,,,,,Mpa,
2665,333,伸長率,,11.0000,,,,,%,
2666,334,外徑,,,,0.3000,0.5000,43.0000,mm,
2667,334,內徑,,,,-0.0500,0.0500,34.8000,mm,
2668,334,同心度,,,0.2500,,,,mm,
2669,334,硬度,,58.0000,65.0000,,,,HRB,
2670,335,外徑,,,,0.0000,0.2000,43.0000,mm,
2671,335,內徑,,,,-0.1000,0.1500,35.7000,mm,
2672,335,真圓度,,,0.1000,,,,mm,
2673,335,同心度,,,0.2000,,,,mm,
2674,335,真直度,,,0.0700,,,,mm,
2675,335,硬度,,58.0000,,,,,HRB,
2676,335,抗拉強度,,350.0000,,,,,Mpa,
2677,335,降伏強度,,310.0000,,,,,Mpa,
2678,335,伸長率,,11.0000,,,,,%,
2679,336,外徑,,,,0.0000,0.2000,43.1000,mm,
2680,336,內徑,,,,-0.0500,0.0500,36.7000,mm,
2681,336,真圓度,,,0.1000,,,,mm,
2682,336,同心度,,,0.2000,,,,mm,
2683,336,硬度,,58.0000,,,,,HRB,
2684,336,抗拉強度,,350.0000,,,,,Mpa,
2685,336,降伏強度,,310.0000,,,,,Mpa,
2686,336,伸長率,,11.0000,,,,,%,
2687,337,外徑,,,,-0.1000,0.2000,43.5000,mm,
2688,337,內徑,,,,-0.1500,0.1000,36.7000,mm,
2689,337,真圓度,,,0.1000,,,,mm,
2690,337,同心度,,,0.2000,,,,mm,
2691,337,硬度,,58.0000,,,,,HRB,
2692,337,抗拉強度,,350.0000,,,,,Mpa,
2693,337,降伏強度,,310.0000,,,,,Mpa,
2694,337,伸長率,,11.0000,,,,,%,
2697,339,外徑,,,,-0.1000,0.2000,44.0000,mm,
2698,339,內徑,,,,-0.1500,0.1000,36.7000,mm,
2699,339,真圓度,,,0.1000,,,,mm,
2700,339,同心度,,,0.2000,,,,mm,
2701,339,硬度,,58.0000,,,,,HRB,
2702,339,抗拉強度,,350.0000,,,,,Mpa,
2703,339,降伏強度,,310.0000,,,,,Mpa,
2704,339,伸長率,,11.0000,,,,,%,
2705,340,外徑,,,,-0.1000,0.1000,44.5000,mm,
2706,340,內徑,,,,-0.1000,0.1500,35.7000,mm,
2707,340,真圓度,,,0.1000,,,,mm,
2708,340,同心度,,,0.2000,,,,mm,
2709,340,硬度,,58.0000,,,,,HRB,
2710,340,抗拉強度,,310.0000,,,,,Mpa,
2711,340,降伏強度,,276.0000,,,,,Mpa,
2712,340,伸長率,,11.0000,,,,,%,
2719,342,外徑,,,,-0.1000,0.1000,48.0000,mm,
2720,342,內徑,,,,-0.0500,0.0500,44.0500,mm,
2721,342,真圓度,,,0.1000,,,,mm,
2722,342,真直度,,,0.2000,,,,mm,
2723,342,硬度,,58.0000,,,,,HRB,
2724,342,抗拉強度,,310.0000,,,,,Mpa,
2725,342,降伏強度,,276.0000,,,,,Mpa,
2726,342,伸長率,,11.0000,,,,,%,
2727,343,外徑,,,,-0.1000,0.1000,52.0000,mm,
2728,343,內徑,,,,-0.1000,0.1000,43.0000,mm,
2729,343,真圓度,,,0.1000,,,,mm,
2730,343,同心度,,,0.2000,,,,mm,
2731,343,硬度,,58.0000,,,,,HRB,
2732,343,抗拉強度,,350.0000,,,,,Mpa,
2733,343,降伏強度,,310.0000,,,,,Mpa,
2734,343,伸長率,,11.0000,,,,,%,
2735,344,外徑,,,,-0.1000,0.1000,53.0000,mm,
2736,344,內徑,,,,-0.1500,0.1000,39.6000,mm,
2737,344,真圓度,,,0.1000,,,,mm,
2738,344,同心度,,,0.2000,,,,mm,
2739,344,硬度,,55.0000,60.0000,,,,HRB,
2740,344,伸長率,,11.0000,,,,,%,
2741,345,外徑,,,,-0.1000,0.1000,53.0000,mm,
2742,345,內徑,,,,-0.1000,0.1000,41.0000,mm,
2743,345,真圓度,,,0.1000,,,,mm,
2744,345,同心度,,,0.2000,,,,mm,
2745,345,硬度,,58.0000,,,,,HRB,
2746,345,抗拉強度,,310.0000,,,,,Mpa,
2747,345,降伏強度,,276.0000,,,,,Mpa,
2748,345,伸長率,,11.0000,,,,,%,
2749,346,外徑,,,,-0.1000,0.1000,53.0000,mm,
2750,346,內徑,,,,-0.1000,0.1000,44.2000,mm,
2751,346,真圓度,,,0.1000,,,,mm,
2752,346,同心度,,,0.2000,,,,mm,
2753,346,硬度,,58.0000,,,,,HRB,
2754,346,抗拉強度,,350.0000,,,,,Mpa,
2755,346,降伏強度,,310.0000,,,,,Mpa,
2756,346,伸長率,,11.0000,,,,,%,
2757,347,外徑,,,,-0.2000,0.2000,53.0000,mm,
2758,347,內徑,,,,-0.1000,0.1500,45.2000,mm,
2759,347,真圓度,,,0.1000,,,,mm,
2760,347,同心度,,,0.2000,,,,mm,
2761,347,硬度,,58.0000,,,,,HRB,
2762,347,抗拉強度,,310.0000,,,,,Mpa,
2763,347,降伏強度,,276.0000,,,,,Mpa,
2764,347,伸長率,,11.0000,,,,,%,
2765,348,外徑,,,,-0.1000,0.1000,54.0000,mm,
2766,348,內徑,,,,-0.1000,0.1000,44.1000,mm,
2767,348,真圓度,,,0.1000,,,,mm,
2768,348,同心度,,,0.2000,,,,mm,
2769,348,硬度,,58.0000,65.0000,,,,HRB,
2770,348,抗拉強度,,350.0000,,,,,Mpa,
2771,348,降伏強度,,310.0000,,,,,Mpa,
2772,348,伸長率,,11.0000,,,,,%,
2773,349,外徑,,,,-0.2000,0.2000,54.0000,mm,
2774,349,內徑,,,,-0.1000,0.1500,46.2000,mm,
2775,349,真圓度,,,0.1000,,,,mm,
2776,349,同心度,,,0.2000,,,,mm,
2777,349,硬度,,58.0000,,,,,HRB,
2778,349,抗拉強度,,350.0000,,,,,Mpa,
2779,349,降伏強度,,310.0000,,,,,Mpa,
2780,349,伸長率,,11.0000,,,,,%,
2781,350,外徑,,,,-0.2000,0.2000,54.0000,mm,
2782,350,內徑,,,,-0.1000,0.1000,46.3500,mm,
2783,350,真圓度,,,0.1000,,,,mm,
2784,350,同心度,,,0.2000,,,,mm,
2785,350,硬度,,58.0000,,,,,HRB,
2786,350,抗拉強度,,350.0000,,,,,Mpa,
2787,350,降伏強度,,310.0000,,,,,Mpa,
2788,350,伸長率,,11.0000,,,,,%,
2789,351,外徑,,,,-0.2000,0.2000,54.5000,mm,
2790,351,內徑,,,,-0.1000,0.1500,46.2000,mm,
2791,351,真圓度,,,0.1000,,,,mm,
2792,351,同心度,,,0.2000,,,,mm,
2793,351,硬度,,58.0000,,,,,HRB,
2794,351,抗拉強度,,350.0000,,,,,Mpa,
2795,351,降伏強度,,310.0000,,,,,Mpa,
2796,351,伸長率,,11.0000,,,,,%,
2797,352,外徑,,,,-0.1000,0.1000,55.0000,mm,
2798,352,內徑,,,,-0.1000,0.0500,44.2000,mm,
2799,352,真圓度,,,0.1000,,,,mm,
2800,352,同心度,,,0.2000,,,,mm,
2801,352,硬度,,58.0000,,,,,HRB,
2802,352,抗拉強度,,350.0000,,,,,Mpa,
2803,352,降伏強度,,310.0000,,,,,Mpa,
2804,352,伸長率,,11.0000,,,,,%,
2805,353,外徑,,,,0.0000,0.2000,55.0000,mm,
2806,353,內徑,,,,-0.1000,0.1500,45.7000,mm,
2807,353,真圓度,,,0.1000,,,,mm,
2808,353,同心度,,,0.2000,,,,mm,
2809,353,真直度,,,0.0700,,,,mm,
2810,353,硬度,,58.0000,,,,,HRB,
2811,353,抗拉強度,,350.0000,,,,,Mpa,
2812,353,降伏強度,,310.0000,,,,,Mpa,
2813,353,伸長率,,11.0000,,,,,%,
2814,354,外徑,,,,-0.2000,0.2000,55.0000,mm,
2815,354,內徑,,,,-0.0500,0.1000,45.8000,mm,
2816,354,真圓度,,,0.1000,,,,mm,
2817,354,同心度,,,0.2000,,,,mm,
2818,354,硬度,,58.0000,,,,,HRB,
2819,354,抗拉強度,,350.0000,,,,,Mpa,
2820,354,降伏強度,,310.0000,,,,,Mpa,
2821,354,伸長率,,11.0000,,,,,%,
2822,355,外徑,,,,0.0000,0.2000,55.0000,mm,
2823,355,內徑,,,,-0.1000,0.1500,46.2000,mm,
2824,355,真圓度,,,0.1000,,,,mm,
2825,355,同心度,,,0.2000,,,,mm,
2826,355,硬度,,58.0000,,,,,HRB,
2827,356,外徑,,,,-0.2000,0.2000,57.0000,mm,
2828,356,內徑,,,,-0.1000,0.1500,45.6000,mm,
2829,356,同心度,,,0.1000,,,,mm,
2830,356,真圓度,,,0.2000,,,,mm,
2831,356,硬度,,58.0000,,,,,HRB,
2832,357,外徑,,,,-0.2000,0.2000,58.0000,mm,
2833,357,內徑,,,,-0.1000,0.1500,45.7000,mm,
2834,357,真圓度,,,0.1000,,,,mm,
2835,357,同心度,,,0.2000,,,,mm,
2836,357,硬度,,58.0000,,,,,HRB,
2837,357,抗拉強度,,350.0000,,,,,Mpa,
2838,357,降伏強度,,310.0000,,,,,Mpa,
2839,357,伸長率,,11.0000,,,,,%,
2840,358,外徑,,,,-0.2000,0.2000,60.0000,mm,
2841,358,內徑,,,,-0.2000,0.2000,50.0000,mm,
2842,358,真圓度,,,0.1000,,,,mm,
2843,358,同心度,,,0.2000,,,,mm,
2844,358,抗拉強度,,310.0000,,,,,Mpa,
2845,358,降伏強度,,276.0000,,,,,Mpa,
2846,358,伸長率,,11.0000,,,,,%,
2847,359,外徑,,,,-0.1000,0.1000,60.5000,mm,
2848,359,內徑,,,,-0.1200,0.0800,51.5000,mm,
2849,359,真圓度,,,0.1000,,,,mm,
2850,359,同心度,,,0.2000,,,,mm,
2851,359,硬度,,58.0000,65.0000,,,,HRB,
2852,359,抗拉強度,,270.0000,,,,,Mpa,
2853,359,降伏強度,,240.0000,,,,,Mpa,
2854,359,伸長率,,11.0000,,,,,%,
2855,360,外徑,,,,-0.2000,0.2000,60.0000,mm,
2856,360,內徑,,,,-0.1000,0.1500,50.5000,mm,
2857,360,真圓度,,,0.1000,,,,mm,
2858,360,同心度,,,0.2000,,,,mm,
2859,360,硬度,,58.0000,,,,,HRB,
2860,360,抗拉強度,,350.0000,,,,,Mpa,
2861,360,降伏強度,,310.0000,,,,,Mpa,
2862,360,伸長率,,11.0000,,,,,%,
2863,361,外徑,,,,-0.2000,0.2000,60.0000,mm,
2864,361,內徑,,,,-0.0500,0.1000,50.6000,mm,
2865,361,真圓度,,,0.1000,,,,mm,
2866,361,同心度,,,0.2000,,,,mm,
2867,361,硬度,,58.0000,,,,,HRB,
2868,361,抗拉強度,,350.0000,,,,,Mpa,
2869,361,降伏強度,,310.0000,,,,,Mpa,
2870,361,伸長率,,11.0000,,,,,%,
2871,362,外徑,,,,-0.1000,0.1000,60.5000,mm,
2872,362,內徑,,,,-0.1000,0.1000,56.2000,mm,
2873,362,真圓度,,,0.1000,,,,mm,
2874,362,同心度,,,0.2000,,,,mm,
2875,362,硬度,,58.0000,,,,,HRB,
2876,363,外徑,,,,-0.1000,0.1000,61.0000,mm,
2877,363,內徑,,,,-0.1000,0.1000,52.3000,mm,
2878,363,真圓度,,,0.1000,,,,mm,
2879,363,同心度,,,0.2000,,,,mm,
2880,363,硬度,,58.0000,,,,,HRB,
2881,363,抗拉強度,,350.0000,,,,,Mpa,
2882,363,降伏強度,,310.0000,,,,,Mpa,
2883,363,伸長率,,11.0000,,,,,%,
2884,364,外徑,,,,0.0000,0.2000,64.5000,mm,
2885,364,內徑,,,,-0.1000,0.1000,56.7500,mm,
2886,364,真圓度,,,0.1000,,,,mm,
2887,364,同心度,,,0.2000,,,,mm,
2888,364,硬度,,58.0000,,,,,HRB,
2889,364,抗拉強度,,350.0000,,,,,Mpa,
2890,364,降伏強度,,310.0000,,,,,Mpa,
2891,364,伸長率,,11.0000,,,,,%,
2892,365,外徑,,,,0.0000,0.2000,64.5000,mm,
2893,365,內徑,,,,-0.1000,0.1500,56.8800,mm,
2894,365,真圓度,,,0.1000,,,,mm,
2895,365,同心度,,,0.2000,,,,mm,
2896,365,硬度,,58.0000,,,,,HRB,
2897,365,抗拉強度,,350.0000,,,,,Mpa,
2898,365,降伏強度,,310.0000,,,,,Mpa,
2899,365,伸長率,,11.0000,,,,,%,
2900,366,外徑,,,,0.0000,0.2000,65.0000,mm,
2901,366,內徑,,,,-0.1000,0.1500,55.7000,mm,
2902,366,真圓度,,,0.1000,,,,mm,
2903,366,同心度,,,0.2000,,,,mm,
2904,366,真直度,,,0.0700,,,,mm,
2905,366,硬度,,58.0000,,,,,HRB,
2906,366,抗拉強度,,350.0000,,,,,Mpa,
2907,366,降伏強度,,310.0000,,,,,Mpa,
2908,366,伸長率,,11.0000,,,,,%,
2909,367,外徑,,,,0.0000,0.2000,65.7000,mm,
2910,367,內徑,,,,-0.1000,0.1000,56.7500,mm,
2911,367,真圓度,,,0.1000,,,,mm,
2912,367,同心度,,,0.2000,,,,mm,
2913,367,硬度,,58.0000,,,,,HRB,
2914,367,抗拉強度,,350.0000,,,,,Mpa,
2915,367,降伏強度,,310.0000,,,,,Mpa,
2916,367,伸長率,,11.0000,,,,,%,
2917,368,外徑,,,,-0.2000,0.2000,66.5000,mm,
2918,368,內徑,,,,-0.1000,0.1000,56.7500,mm,
2919,368,真圓度,,,0.1000,,,,mm,
2920,368,同心度,,,0.2000,,,,mm,
2921,368,硬度,,58.0000,,,,,HRB,
2922,368,抗拉強度,,350.0000,,,,,Mpa,
2923,368,降伏強度,,310.0000,,,,,Mpa,
2924,368,伸長率,,11.0000,,,,,%,
2925,369,外徑,,,,-0.2000,0.2000,66.5000,mm,
2926,369,內徑,,,,-0.2000,0.2000,59.0000,mm,
2927,369,真圓度,,,0.1000,,,,mm,
2928,369,同心度,,,0.2000,,,,mm,
2929,369,硬度,,58.0000,,,,,HRB,
2930,369,抗拉強度,,350.0000,,,,,Mpa,
2931,369,降伏強度,,310.0000,,,,,Mpa,
2932,369,伸長率,,11.0000,,,,,%,
2933,370,外徑,,,,-0.2000,0.2000,66.7000,mm,
2934,370,內徑,,,,-0.1000,0.1000,56.7500,mm,
2935,370,真圓度,,,0.1000,,,,mm,
2936,370,同心度,,,0.2000,,,,mm,
2937,370,硬度,,58.0000,,,,,HRB,
2938,370,抗拉強度,,350.0000,,,,,Mpa,
2939,370,降伏強度,,310.0000,,,,,Mpa,
2940,370,伸長率,,11.0000,,,,,%,
2949,376,外徑,,,,-0.1000,0.1000,76.5000,mm,
2950,376,內徑,,,,-0.2000,0.1000,65.5000,mm,
2951,376,真圓度,,,0.1000,,,,mm,
2952,376,同心度,,,0.2000,,,,mm,
2953,376,硬度,,58.0000,,,,,HRB,
2954,376,抗拉強度,,350.0000,,,,,Mpa,
2955,376,降伏強度,,310.0000,,,,,Mpa,
2956,376,伸長率,,11.0000,,,,,%,
2957,377,外徑,,,,-0.1000,0.1000,76.5000,mm,
2958,377,內徑,,,,-0.1000,0.1000,65.7000,mm,
2959,377,真圓度,,,0.1000,,,,mm,
2960,377,同心度,,,0.2000,,,,mm,
2961,377,硬度,,58.0000,,,,,HRB,
2962,377,抗拉強度,,350.0000,,,,,Mpa,
2963,377,降伏強度,,310.0000,,,,,Mpa,
2964,377,伸長率,,11.0000,,,,,%,
2965,378,外徑,,,,-0.1000,0.1000,76.5000,mm,
2966,378,內徑,,,,-0.1500,0.1500,66.6700,mm,
2967,378,真圓度,,,0.1000,,,,mm,
2968,378,同心度,,,0.2000,,,,mm,
2969,378,硬度,,58.0000,,,,,HRB,
2970,378,抗拉強度,,350.0000,,,,,Mpa,
2971,378,降伏強度,,310.0000,,,,,Mpa,
2972,378,伸長率,,11.0000,,,,,%,
2973,379,外徑,,,,-0.1000,0.1000,77.9000,mm,
2974,379,內徑,,,,-0.1000,0.1000,69.0000,mm,
2975,379,真圓度,,,0.1000,,,,mm,
2976,379,同心度,,,0.2000,,,,mm,
2977,379,硬度,,58.0000,,,,,HRB,
2978,379,抗拉強度,,350.0000,,,,,Mpa,
2979,379,降伏強度,,310.0000,,,,,Mpa,
2980,379,伸長率,,11.0000,,,,,%,
2981,380,外徑,,,,0.0000,0.2000,78.5000,mm,
2982,380,內徑,,,,-0.1000,0.1000,69.0000,mm,
2983,380,真圓度,,,0.1000,,,,mm,
2984,380,同心度,,,0.2000,,,,mm,
2985,380,硬度,,58.0000,,,,,HRB,
2986,380,抗拉強度,,350.0000,,,,,Mpa,
2987,380,降伏強度,,310.0000,,,,,Mpa,
2988,380,伸長率,,11.0000,,,,,%,
2989,381,外徑,,,,-0.1000,0.1000,80.0000,mm,
2990,381,內徑,,,,-0.1000,0.1000,69.5500,mm,
2991,381,真圓度,,,0.1000,,,,mm,
2992,381,同心度,,,0.2000,,,,mm,
2993,381,真直度,,,0.3000,,,,mm,
2994,381,硬度,,58.0000,,,,,HRB,
2995,381,抗拉強度,,350.0000,,,,,Mpa,
2996,381,降伏強度,,310.0000,,,,,Mpa,
2997,381,伸長率,,11.0000,,,,,%,
2998,382,外徑,,,,-0.2000,0.2000,80.0000,mm,
2999,382,內徑,,,,-0.1500,0.1000,69.6000,mm,
3000,382,真圓度,,,0.1000,,,,mm,
3001,382,同心度,,,0.2000,,,,mm,
3002,382,硬度,,58.0000,,,,,HRB,
3003,382,抗拉強度,,350.0000,,,,,Mpa,
3004,382,降伏強度,,310.0000,,,,,Mpa,
3005,382,伸長率,,11.0000,,,,,%,
3006,383,外徑,,,,-0.2000,0.2000,80.0000,mm,
3007,383,內徑,,,,-0.2000,0.2000,70.0000,mm,
3008,383,真圓度,,,0.1000,,,,mm,
3009,383,同心度,,,0.2000,,,,mm,
3010,383,硬度,,58.0000,,,,,HRB,
3011,383,抗拉強度,,350.0000,,,,,Mpa,
3012,383,降伏強度,,310.0000,,,,,Mpa,
3013,383,伸長率,,11.0000,,,,,%,
3014,384,外徑,,,,-0.2000,0.2000,82.0000,mm,
3015,384,內徑,,,,-0.2000,0.2000,70.1500,mm,
3016,384,真圓度,,,0.1000,,,,mm,
3017,384,同心度,,,0.2000,,,,mm,
3018,384,真直度,,,0.3000,,,,mm,
3019,384,硬度,,58.0000,,,,,HRB,
3020,384,抗拉強度,,350.0000,,,,,Mpa,
3021,384,降伏強度,,310.0000,,,,,Mpa,
3022,384,伸長率,,11.0000,,,,,%,
3023,385,外徑,,,,-0.1000,0.1000,81.1000,mm,
3024,385,內徑,,,,-0.1000,0.1000,69.5000,mm,
3025,385,真圓度,,,0.1000,,,,mm,
3026,385,同心度,,,0.2000,,,,mm,
3027,385,真直度,,,0.3000,,,,mm,
3028,385,硬度,,58.0000,,,,,HRB,
3029,385,抗拉強度,,350.0000,,,,,Mpa,
3030,385,降伏強度,,310.0000,,,,,Mpa,
3031,385,伸長率,,11.0000,,,,,%,
3032,386,外徑,,,,-0.2000,0.2000,82.5000,mm,
3033,386,內徑,,,,-0.2000,0.2000,70.1500,mm,
3034,386,真圓度,,,0.1000,,,,mm,
3035,386,同心度,,,0.2000,,,,mm,
3036,386,真直度,,,0.3000,,,,mm,
3037,386,硬度,,58.0000,,,,,HRB,
3038,386,抗拉強度,,350.0000,,,,,Mpa,
3039,386,降伏強度,,310.0000,,,,,Mpa,
3040,386,伸長率,,11.0000,,,,,%,
3041,387,外徑,,,,-0.1000,0.1000,90.0000,mm,
3042,387,內徑,,,,-0.1000,0.1000,80.2000,mm,
3043,387,真圓度,,,0.1000,,,,mm,
3044,387,同心度,,,0.2000,,,,mm,
3045,387,真直度,,,0.3000,,,,mm,
3046,387,硬度,,58.0000,,,,,HRB,
3047,387,抗拉強度,,350.0000,,,,,Mpa,
3048,387,降伏強度,,310.0000,,,,,Mpa,
3049,387,伸長率,,11.0000,,,,,%,
3050,388,外徑,,,,-0.1000,0.1000,93.0000,mm,
3051,388,內徑,,,,-0.1000,0.1000,80.2000,mm,
3052,388,真圓度,,,0.1000,,,,mm,
3053,388,同心度,,,0.2000,,,,mm,
3054,388,真直度,,,0.3000,,,,,
3055,388,硬度,,58.0000,,,,,HRB,
3056,388,抗拉強度,,350.0000,,,,,Mpa,
3057,388,降伏強度,,310.0000,,,,,Mpa,
3058,388,伸長率,,11.0000,,,,,%,
3059,389,外徑,,,,-0.2000,0.2000,37.5000,mm,
3060,389,內徑,,,,-0.1000,0.1000,30.6000,mm,
3061,389,真圓度,,,0.1000,,,,mm,
3062,389,同心度,,,0.2000,,,,mm,
3063,389,硬度,,87.0000,,,,,HRB,
3064,389,抗拉強度,,540.0000,,,,,Mpa,
3065,389,降伏強度,,480.0000,,,,,Mpa,
3066,389,伸長率,,8.0000,,,,,%,
3067,389,EC值,,30.0000,,,,,,
3068,390,外徑,,,,-0.0500,0.0500,35.0000,mm,
3069,390,內徑,,,,-0.0500,0.0500,29.0000,mm,
3070,390,同心度,,,0.2000,,,,mm,
3071,390,真直度,,,0.0700,,,,mm,
3072,390,硬度,,89.0000,92.0000,,,,HRB,
3073,390,抗拉強度,,588.0000,,,,,Mpa,
3074,390,降伏強度,,549.0000,,,,,Mpa,
3075,390,伸長率,,11.0000,,,,,%,
3076,390,EC值,,35.5000,39.5000,,,,,
3077,391,外徑,,,,-0.1000,0.1000,40.5000,mm,
3078,391,內徑,,,,-0.1000,0.1000,32.0000,mm,
3079,391,真圓度,,,0.1000,,,,mm,
3080,391,同心度,,,0.1500,,,,mm,
3081,391,Fe含量,,,0.1200,,,,%,
3082,391,含氫量,,,0.1500,,,,ml/100g,
3083,391,伸長率,,11.0000,,,,,%,
3084,391,EC值,,35.5000,39.5000,,,,,
3085,392,外徑,,,,-0.1000,0.1000,40.5000,mm,
3086,392,內徑,,,,-0.1000,0.1000,32.0000,mm,
3087,392,真圓度,,,0.1000,,,,mm,
3088,392,同心度,,,0.2000,,,,mm,
3089,392,Fe含量,,,0.2000,,,,%,
3090,392,含氫量,,,0.1500,,,,ml/100g,
3091,393,外徑,,,,-0.2000,0.2000,76.0000,mm,
3092,393,內徑,,,,-0.2000,0.2000,62.0000,mm,
3093,393,真圓度,,,0.1000,,,,mm,
3094,393,同心度,,,0.2000,,,,mm,
3095,393,硬度,,58.0000,,,,,HRB,
3096,393,抗拉強度,,260.0000,,,,,Mpa,
3097,393,降伏強度,,240.0000,,,,,Mpa,
3098,393,伸長率,,11.0000,,,,,%,
3099,394,外徑,,,,-0.2000,0.2000,85.0000,mm,
3100,394,內徑,,,,-0.2000,0.2000,74.0000,mm,
3101,394,真圓度,,,0.1000,,,,mm,
3102,394,同心度,,,0.2000,,,,mm,
3103,394,硬度,,58.0000,,,,,HRB,
3104,394,抗拉強度,,260.0000,,,,,Mpa,
3105,394,降伏強度,,240.0000,,,,,Mpa,
3106,394,伸長率,,11.0000,,,,,%,
3107,395,外徑,,,,-0.2000,0.2000,43.5000,mm,
3108,395,內徑,,,,-0.1000,0.1500,34.7000,mm,
3109,395,真圓度,,,0.1000,,,,mm,
3110,395,同心度,,,0.2000,,,,mm,
3111,395,硬度,,58.0000,,,,,HRB,
3112,395,抗拉強度,,350.0000,,,,,Mpa,
3113,395,降伏強度,,310.0000,,,,,Mpa,
3114,395,伸長率,,11.0000,,,,,%,
3115,396,外徑,,,,-0.2000,0.2000,49.5000,mm,
3116,396,內徑,,,,-0.1000,0.1500,39.7000,mm,
3117,396,真圓度,,,0.1000,,,,mm,
3118,396,同心度,,,0.2000,,,,mm,
3119,396,硬度,,58.0000,,,,,HRB,
3120,396,抗拉強度,,350.0000,,,,,Mpa,
3121,396,降伏強度,,310.0000,,,,,Mpa,
3122,396,伸長率,,11.0000,,,,,%,
3123,397,外徑,,,,-0.2000,0.2000,48.0000,mm,
3124,397,內徑,,,,-0.1000,0.1500,39.7000,mm,
3125,397,真圓度,,,0.1000,,,,mm,
3126,397,同心度,,,0.2000,,,,mm,
3127,397,硬度,,58.0000,,,,,HRB,
3128,397,抗拉強度,,350.0000,,,,,Mpa,
3129,397,降伏強度,,310.0000,,,,,Mpa,
3130,397,伸長率,,11.0000,,,,,%,
3131,398,外徑,,,,-0.1000,0.1000,45.0000,mm,
3132,398,內徑,,,,-0.1000,0.1000,38.0000,mm,
3133,398,真圓度,,,0.1000,,,,mm,
3134,398,同心度,,,0.2000,,,,mm,
3135,398,硬度,,58.0000,,,,,HRB,
3136,398,抗拉強度,,350.0000,,,,,Mpa,
3137,398,降伏強度,,310.0000,,,,,Mpa,
3138,398,伸長率,,11.0000,,,,,%,
3139,399,外徑,,,,-0.2000,0.2000,43.5000,mm,
3140,399,內徑,,,,-0.1000,0.1500,34.7000,mm,
3141,399,真圓度,,,0.1000,,,,mm,
3142,399,同心度,,,0.2000,,,,mm,
3143,399,硬度,,58.0000,,,,,HRB,
3144,399,抗拉強度,,350.0000,,,,,Mpa,
3145,399,降伏強度,,310.0000,,,,,Mpa,
3146,399,伸長率,,11.0000,,,,,%,
3147,400,外徑,,,,-0.2000,0.2000,78.0000,mm,
3148,400,內徑,,,,-0.1000,0.1000,66.0000,mm,
3149,400,真圓度,,,0.1000,,,,mm,
3150,400,同心度,,,0.2000,,,,mm,
3151,400,硬度,,16.0000,,,,,HW,
3152,400,抗拉強度,,350.0000,,,,,Mpa,
3153,400,降伏強度,,310.0000,,,,,Mpa,
3154,400,伸長率,,11.0000,,,,,%,
3155,401,外徑,,,,-0.2000,0.2000,90.0000,mm,
3156,401,內徑,,,,-0.1000,0.1000,73.0000,mm,
3157,401,真圓度,,,0.1000,,,,mm,
3158,401,同心度,,,0.2000,,,,mm,
3159,401,硬度,,58.0000,,,,,HRB,
3160,401,抗拉強度,,350.0000,,,,,Mpa,
3161,401,降伏強度,,310.0000,,,,,Mpa,
3162,401,伸長率,,11.0000,,,,,%,
3163,402,外徑,,,,-0.1000,0.1000,75.0000,mm,
3164,402,內徑,,,,-0.1000,0.1000,60.5000,mm,
3165,402,真圓度,,,0.1000,,,,mm,
3166,402,同心度,,,0.2000,,,,mm,
3167,402,硬度,,58.0000,,,,,HRB,
3168,402,抗拉強度,,350.0000,,,,,Mpa,
3169,402,降伏強度,,310.0000,,,,,Mpa,
3170,402,伸長率,,11.0000,,,,,%,
3171,403,外徑,,,,-0.1000,0.1000,64.5000,mm,
3172,403,內徑,,,,-0.1000,0.1000,57.0000,mm,
3173,403,真圓度,,,0.1000,,,,mm,
3174,403,同心度,,,0.2000,,,,mm,
3175,403,硬度,,58.0000,,,,,HRB,
3176,403,抗拉強度,,350.0000,,,,,Mpa,
3177,403,降伏強度,,310.0000,,,,,Mpa,
3178,403,伸長率,,11.0000,,,,,%,
3179,404,外徑,,,,-0.2000,0.2000,54.0000,mm,
3180,404,內徑,,,,-0.1000,0.1000,45.6000,mm,
3181,404,真圓度,,,0.1000,,,,mm,
3182,404,同心度,,,0.2000,,,,mm,
3183,404,硬度,,58.0000,65.0000,,,,HRB,
3184,404,抗拉強度,,350.0000,,,,,Mpa,
3185,404,降伏強度,,310.0000,,,,,Mpa,
3186,404,伸長率,,11.0000,,,,,%,
3187,405,外徑,,,,-0.1500,0.1500,27.0000,mm,
3188,405,硬度,,55.0000,,,,,HRB,
3189,406,外徑,,,,-0.1000,0.2000,65.5000,mm,
3190,406,內徑,,,,-0.1000,0.1000,56.8500,mm,
3191,406,真圓度,,,0.1000,,,,mm,
3192,406,同心度,,,0.2000,,,,mm,
3193,406,硬度,,58.0000,,,,,HRB,
3194,406,硬度,,15.0000,,,,,HW,
3195,406,抗拉強度,,350.0000,,,,,Mpa,
3196,406,降伏強度,,310.0000,,,,,Mpa,
3197,406,伸長率,,11.0000,,,,,%,
3198,407,外徑,,,,-0.1000,0.1000,55.0000,mm,
3199,407,內徑,,,,-0.1000,0.1000,44.1000,mm,
3200,407,真圓度,,,0.1000,,,,mm,
3201,407,同心度,,,0.2000,,,,mm,
3202,407,硬度,,58.0000,,,,,HRB,
3203,407,抗拉強度,,350.0000,,,,,Mpa,
3204,407,降伏強度,,310.0000,,,,,Mpa,
3205,407,伸長率,,11.0000,,,,,%,
3206,408,外徑,,,,-0.2000,0.2000,82.0000,mm,
3207,408,內徑,,,,-0.2000,0.2000,70.1500,mm,
3208,408,真圓度,,,0.1000,,,,mm,
3209,408,同心度,,,0.2000,,,,mm,
3210,408,真直度,,,0.3000,,,,mm,
3211,408,硬度,,58.0000,,,,,HRB,
3212,408,抗拉強度,,350.0000,,,,,Mpa,
3213,408,降伏強度,,310.0000,,,,,Mpa,
3214,408,伸長率,,11.0000,,,,,%,
3215,332,外徑,,,,-0.1500,0.1500,42.0000,mm,
3216,332,硬度,,55.0000,,,,,HRB,
3217,338,外徑,,,,-0.1500,0.1500,44.0000,mm,
3218,338,硬度,,55.0000,,,,,HRB,
3219,341,外徑,,,,-0.1000,0.1000,47.0000,mm,
3220,341,真圓度,,,0.1000,,,,mm,
3221,341,硬度,,58.0000,,,,,HRB,
3222,341,抗拉強度,,350.0000,,,,,Mpa,
3223,341,降伏強度,,310.0000,,,,,Mpa,
3224,341,伸長率,,11.0000,,,,,%,
3225,324,外徑,,,,-0.2000,0.2000,34.0000,mm,
3226,324,內徑,,,,-0.1000,0.1000,26.0000,mm,
3227,324,真圓度,,,0.1000,,,,mm,
3228,324,同心度,,,0.2000,,,,mm,
3229,324,硬度,,56.0000,64.0000,,,,HRB,
3230,324,抗拉強度,,350.0000,,,,,Mpa,
3231,324,降伏強度,,310.0000,,,,,Mpa,
3232,324,伸長率,,11.0000,,,,,%,
3233,371,外徑,,,,-0.2000,0.2000,66.7000,mm,
3234,371,內徑,,,,-0.2000,0.2000,59.0000,mm,
3235,371,真圓度,,,0.1000,,,,mm,
3236,371,同心度,,,0.2000,,,,mm,
3237,371,硬度,,58.0000,,,,,mm,
3238,371,抗拉強度,,350.0000,,,,,Mpa,
3239,371,降伏強度,,310.0000,,,,,Mpa,
3240,371,伸長率,,11.0000,,,,,%,
3246,4,外徑,,,,-0.0500,0.0500,,mm,
3247,4,厚度,,,,-0.0500,0.1000,,mm,
3248,4,長度,,,,,2.0000,,mm,
3249,4,真直度,,,1.0000,,,,mm/米,
3250,4,硬度,,9.0000,12.0000,,,,HW,
3251,409,內徑,,,,-0.0200,0.0600,15.4000,mm,
3252,409,厚度,,,,-0.0500,0.1500,3.7000,mm,
3253,409,硬度,,85.0000,92.0000,,,,HRB,
3263,413,外徑,,,,-0.0300,0.0300,28.0000,mm,
3264,413,厚度,,,,-0.0500,0.0500,3.4000,mm,
3265,413,硬度,,70.0000,78.0000,,,,HRB,
3272,412,外徑,,,,-0.0300,0.0300,28.0000,mm,
3273,412,厚度,,,,-0.0500,0.0500,3.4000,mm,
3274,412,硬度,,75.0000,83.0000,,,,HRB,
3275,414,內徑,,,,-0.0500,0.0500,26.1000,mm,
3276,414,厚度,,,,-0.0500,0.1500,3.3500,mm,
3277,414,硬度,,85.0000,92.0000,,,,HRB,
3278,415,內徑,,,,-0.0200,0.0800,25.2000,mm,
3279,415,厚度,,,,-0.0500,0.2000,3.9000,mm,
3280,415,硬度,,85.0000,92.0000,,,,HRB,
3281,416,內徑,,,,-0.0500,0.0500,26.3000,mm,
3282,416,厚度,,,,-0.0500,0.2000,3.8500,mm,
3283,416,硬度,,85.0000,92.0000,,,,HRB,
3284,417,內徑,,,,-0.0500,0.0500,26.3000,mm,
3285,417,厚度,,,,-0.0500,0.2000,4.8500,mm,
3286,417,硬度,,85.0000,92.0000,,,,HRB,
3287,418,內徑,,,,-0.0200,0.0600,16.5000,mm,
3288,418,厚度,,,,-0.0500,0.1500,3.1500,mm,
3289,418,硬度,,85.0000,92.0000,,,,HRB,
3292,419,內徑,,,,-0.1000,0.1000,54.0000,mm,
3293,419,厚度,,,,0.0000,0.1500,4.0000,mm,
3294,410,內徑,,,,0.0000,0.1000,18.5000,mm,
3295,410,厚度,,,,-0.1000,0.1000,3.5000,mm,
3296,410,硬度,,52.0000,65.0000,,,,HRB,
3297,420,外徑,,,,0.0000,0.5000,33.0000,mm,
3298,420,內徑,,,,-0.1000,0.1000,24.6000,mm,
3299,420,硬度,,52.0000,65.0000,,,,HRB,
3300,421,外徑,,,,-0.1000,0.1000,33.0000,mm,
3301,421,內徑,,,,-0.1000,0.1000,28.6000,mm,
3302,421,長度,,,,0.0000,2.0000,340.0000,mm,
3303,421,硬度,,6.0000,9.0000,,,,HW,
3304,422,外徑,,,,-0.1000,0.1000,33.0000,mm,
3305,422,內徑,,,,-0.1000,0.1000,28.6000,mm,
3306,422,厚度,,,,-0.1000,0.1000,2.2000,mm,
3307,422,長度,,,,0.0000,1.0000,340.0000,mm,
3308,422,硬度,,10.0000,13.0000,,,,HW,
3309,423,外徑,,,,0.0000,0.1500,25.0000,mm,
3310,423,內徑,,,,0.0000,0.1500,20.0000,mm,
3311,423,長度,,,,,,175.0000,mm,
3312,424,內徑,,,,-0.0300,0.0500,22.2000,mm,
3313,424,厚度,,,,-0.0500,0.1500,3.4000,mm,
3314,424,硬度,,85.0000,92.0000,,,,HRB,
3315,425,內徑,,,,-0.0300,0.0500,22.2000,mm,
3316,425,厚度,,,,-0.0500,0.1500,4.8000,mm,
3317,425,硬度,,85.0000,92.0000,,,,HRB,
3318,426,內徑,,,,-0.0500,0.0500,26.1000,mm,
3319,426,厚度,,,,0.0000,0.2000,4.8500,mm,
3320,426,硬度,,85.0000,92.0000,,,,mm,
3321,427,內徑,,,,-0.0500,0.0500,28.2000,mm,
3322,427,厚度,,,,-0.0500,0.1500,4.1500,mm,
3323,427,硬度,,85.0000,92.0000,,,,mm,
3327,428,內徑,,,,-0.0500,0.0500,26.1000,mm,
3328,428,厚度,,,,-0.0500,0.1500,5.9500,mm,
3329,428,硬度,,85.0000,92.0000,,,,mm,
3330,429,外徑,,,,-1.0000,1.0000,98.0000,mm,
3331,429,內徑,,,,-1.0000,1.0000,86.0000,mm,
3332,429,長度,,,,-1.0000,1.0000,85.0000,mm,
3333,411,內徑,,,,0.0000,0.0800,18.5000,mm,
3334,411,厚度,,,,-0.0500,0.1500,4.2500,mm,
3335,411,硬度,,85.0000,92.0000,,,,HRB,
3336,19,外徑,,,,0.0000,0.1500,31.9000,mm,
3337,19,厚度,,,,-0.1500,0.1500,2.5000,mm,
3338,19,硬度,,8.0000,10.0000,,,,HW,
3339,430,外徑,,,,-0.2000,0.2000,130.0000,mm,
3340,430,厚度,,,,-0.1000,0.1000,3.0000,mm,
